NID num,names,DoB,contact number,Birth certificate num (not mandatory)
1988102938475,Mir Oliul Pasha Taj,1988-06-15,+880-1712-938475,
1990472839401,Michael Chen,1990-09-25,+880-1813-472839,
1992837461524,Farhana Yasmin,1992-12-05,+880-1911-837461,
1993472839102,Jannatul Ferdous,1993-01-20,+880-1715-472839,
1995827392819,Sarah Jenkins,1995-03-14,+880-1611-827392,
1997482910293,Naimur Rahman,1997-03-30,+880-1818-482910,
2001582930192,Sadia Islam,2001-08-14,+880-1919-582930,
2005482938492,Abir Hasan,2005-11-03,+880-1712-482938,
2008472910293,Rashedul Islam,2008-05-18,+880-1813-472910,
